{
    "precision": 0.9685379689455033,
    "recall": 0.9706636859297753,
    "f1": 0.9695797074317932
}