{
    "precision": [
        0.9685379689455033,
        0.008705957048169573
    ],
    "recall": [
        0.9706636859297753,
        0.007013465519025662
    ],
    "f1": [
        0.9695797074317932,
        0.0065915489803492445
    ]
}