{
    "precision": 0.9689571217536926,
    "recall": 0.9713880121827125,
    "f1": 0.9701529739975929
}