{
    "precision": [
        0.9689571217536926,
        0.009669942569247017
    ],
    "recall": [
        0.9713880121827125,
        0.007161052209384029
    ],
    "f1": [
        0.9701529739975929,
        0.007436942263785412
    ]
}